{
    "instruction": "Grasp the cereal box and drop it in the target bin.",
    "waypoints": {
        "A1_pregrasp": [
            0.12764312031809288,
            -0.1223156881218446,
            1.2,
            3.141592653589793,
            0.0,
            1.80973830058789,
            -1.0
        ],
        "A2_grasp": [
            0.12764312031809288,
            -0.1223156881218446,
            0.93,
            3.141592653589793,
            0.0,
            1.80973830058789,
            1.0
        ],
        "A3_release": [
            0.0025000000000000022,
            0.4025,
            0.9,
            3.141592653589793,
            0.0,
            1.5707963267948966,
            -1.0
        ],
        "A4_home": [
            -0.04398275268081035,
            -0.12666812346737039,
            1.0153892544644512,
            3.0046049182892456,
            0.0019554941516501945,
            1.4882412126289792,
            -1.0
        ]
    },
    "camera_intrinsics": [
        [
            309.01933598375615,
            0.0,
            128.0
        ],
        [
            0.0,
            309.01933598375615,
            128.0
        ],
        [
            0.0,
            0.0,
            1.0
        ]
    ],
    "camera_extrinsics_wc": [
        [
            0.0,
            0.706147844353306,
            -0.7080644193257978,
            1.0
        ],
        [
            1.0,
            0.0,
            0.0,
            0.0
        ],
        [
            0.0,
            -0.7080644193257978,
            -0.706147844353306,
            1.75
        ],
        [
            0.0,
            0.0,
            0.0,
            1.0
        ]
    ]
}