{
    "instruction": "Place the cereal box in the target bin.",
    "waypoints": {
        "A1_pregrasp": [
            0.07449539618792791,
            -0.13605105019848887,
            1.2,
            3.141592653589793,
            0.0,
            -0.321488750483254,
            -1.0
        ],
        "A2_grasp": [
            0.07449539618792791,
            -0.13605105019848887,
            0.93,
            3.141592653589793,
            0.0,
            -0.321488750483254,
            1.0
        ],
        "A3_release": [
            0.0025000000000000022,
            0.4025,
            0.9,
            3.141592653589793,
            0.0,
            1.5707963267948966,
            -1.0
        ],
        "A4_home": [
            -0.03702767083932125,
            -0.11696480801603716,
            1.0147264393691495,
            3.004746883192774,
            0.0037661613930497495,
            1.5540174123095696,
            -1.0
        ]
    },
    "camera_intrinsics": [
        [
            309.01933598375615,
            0.0,
            128.0
        ],
        [
            0.0,
            309.01933598375615,
            128.0
        ],
        [
            0.0,
            0.0,
            1.0
        ]
    ],
    "camera_extrinsics_wc": [
        [
            0.0,
            0.706147844353306,
            -0.7080644193257978,
            1.0
        ],
        [
            1.0,
            0.0,
            0.0,
            0.0
        ],
        [
            0.0,
            -0.7080644193257978,
            -0.706147844353306,
            1.75
        ],
        [
            0.0,
            0.0,
            0.0,
            1.0
        ]
    ]
}