{
    "instruction": "Move the cereal box to the target bin.",
    "waypoints": {
        "A1_pregrasp": [
            0.17388949782123622,
            -0.32065183337438624,
            1.2,
            3.141592653589793,
            0.0,
            2.102897445853732,
            -1.0
        ],
        "A2_grasp": [
            0.17388949782123622,
            -0.32065183337438624,
            0.93,
            3.141592653589793,
            0.0,
            2.102897445853732,
            1.0
        ],
        "A3_release": [
            0.0025000000000000022,
            0.4025,
            0.9,
            3.141592653589793,
            0.0,
            1.5707963267948966,
            -1.0
        ],
        "A4_home": [
            -0.04684860323066685,
            -0.06396242307767838,
            1.0082758417268842,
            3.0292414991477434,
            0.0021284873382541036,
            1.6886144923885293,
            -1.0
        ]
    },
    "camera_intrinsics": [
        [
            309.01933598375615,
            0.0,
            128.0
        ],
        [
            0.0,
            309.01933598375615,
            128.0
        ],
        [
            0.0,
            0.0,
            1.0
        ]
    ],
    "camera_extrinsics_wc": [
        [
            0.0,
            0.706147844353306,
            -0.7080644193257978,
            1.0
        ],
        [
            1.0,
            0.0,
            0.0,
            0.0
        ],
        [
            0.0,
            -0.7080644193257978,
            -0.706147844353306,
            1.75
        ],
        [
            0.0,
            0.0,
            0.0,
            1.0
        ]
    ]
}