{
    "instruction": "Take the cereal box and put it in the target bin.",
    "waypoints": {
        "A1_pregrasp": [
            0.017678473667272307,
            -0.40387365574979245,
            1.2,
            -3.141592653589793,
            0.0,
            -2.1152418780779394,
            -1.0
        ],
        "A2_grasp": [
            0.017678473667272307,
            -0.40387365574979245,
            0.93,
            -3.141592653589793,
            0.0,
            -2.1152418780779394,
            1.0
        ],
        "A3_release": [
            0.0025000000000000022,
            0.4025,
            0.9,
            3.141592653589793,
            0.0,
            1.5707963267948966,
            -1.0
        ],
        "A4_home": [
            -0.033458225506093855,
            -0.07872838505087555,
            1.0207352620840406,
            2.9742468373782294,
            -0.008721465406048345,
            1.5884856689650202,
            -1.0
        ]
    },
    "camera_intrinsics": [
        [
            309.01933598375615,
            0.0,
            128.0
        ],
        [
            0.0,
            309.01933598375615,
            128.0
        ],
        [
            0.0,
            0.0,
            1.0
        ]
    ],
    "camera_extrinsics_wc": [
        [
            0.0,
            0.706147844353306,
            -0.7080644193257978,
            1.0
        ],
        [
            1.0,
            0.0,
            0.0,
            0.0
        ],
        [
            0.0,
            -0.7080644193257978,
            -0.706147844353306,
            1.75
        ],
        [
            0.0,
            0.0,
            0.0,
            1.0
        ]
    ]
}