{
    "instruction": "Put the cereal box in the target bin.",
    "waypoints": {
        "A1_pregrasp": [
            0.16511537339586577,
            -0.3669913308976184,
            1.2,
            3.141592653589793,
            0.0,
            0.450436515072554,
            -1.0
        ],
        "A2_grasp": [
            0.16511537339586577,
            -0.3669913308976184,
            0.93,
            3.141592653589793,
            0.0,
            0.450436515072554,
            1.0
        ],
        "A3_release": [
            0.0025000000000000022,
            0.4025,
            0.9,
            3.141592653589793,
            0.0,
            1.5707963267948966,
            -1.0
        ],
        "A4_home": [
            -0.038168977372808006,
            -0.10823213727908967,
            1.0173709376645175,
            2.9907165517488945,
            -0.007058767025212687,
            1.5497894055991637,
            -1.0
        ]
    },
    "camera_intrinsics": [
        [
            309.01933598375615,
            0.0,
            128.0
        ],
        [
            0.0,
            309.01933598375615,
            128.0
        ],
        [
            0.0,
            0.0,
            1.0
        ]
    ],
    "camera_extrinsics_wc": [
        [
            0.0,
            0.706147844353306,
            -0.7080644193257978,
            1.0
        ],
        [
            1.0,
            0.0,
            0.0,
            0.0
        ],
        [
            0.0,
            -0.7080644193257978,
            -0.706147844353306,
            1.75
        ],
        [
            0.0,
            0.0,
            0.0,
            1.0
        ]
    ]
}