{
    "instruction": "Place the cereal box in the target bin.",
    "waypoints": {
        "A1_pregrasp": [
            0.07310895249379498,
            -0.3278113791323606,
            1.2,
            -3.141592653589793,
            0.0,
            -2.6763698372278366,
            -1.0
        ],
        "A2_grasp": [
            0.07310895249379498,
            -0.3278113791323606,
            0.93,
            -3.141592653589793,
            0.0,
            -2.6763698372278366,
            1.0
        ],
        "A3_release": [
            0.0025000000000000022,
            0.4025,
            0.9,
            3.141592653589793,
            0.0,
            1.5707963267948966,
            -1.0
        ],
        "A4_home": [
            -0.038699366080109786,
            -0.09954189454886103,
            1.0072818623824338,
            3.001923461207128,
            -0.0010289313104221431,
            1.570030738108582,
            -1.0
        ]
    },
    "camera_intrinsics": [
        [
            309.01933598375615,
            0.0,
            128.0
        ],
        [
            0.0,
            309.01933598375615,
            128.0
        ],
        [
            0.0,
            0.0,
            1.0
        ]
    ],
    "camera_extrinsics_wc": [
        [
            0.0,
            0.706147844353306,
            -0.7080644193257978,
            1.0
        ],
        [
            1.0,
            0.0,
            0.0,
            0.0
        ],
        [
            0.0,
            -0.7080644193257978,
            -0.706147844353306,
            1.75
        ],
        [
            0.0,
            0.0,
            0.0,
            1.0
        ]
    ]
}