{
    "instruction": "Take the cereal box and put it in the target bin.",
    "waypoints": {
        "A1_pregrasp": [
            0.13498157968152386,
            -0.2620814291833873,
            1.2,
            3.141592653589793,
            0.0,
            1.370594154881947,
            -1.0
        ],
        "A2_grasp": [
            0.13498157968152386,
            -0.2620814291833873,
            0.93,
            3.141592653589793,
            0.0,
            1.370594154881947,
            1.0
        ],
        "A3_release": [
            0.0025000000000000022,
            0.4025,
            0.9,
            3.141592653589793,
            0.0,
            1.5707963267948966,
            -1.0
        ],
        "A4_home": [
            -0.049788474540994596,
            -0.11367875989332221,
            1.0070753782678101,
            3.0097364632357544,
            -0.003952870725624225,
            1.5356607937961582,
            -1.0
        ]
    },
    "camera_intrinsics": [
        [
            309.01933598375615,
            0.0,
            128.0
        ],
        [
            0.0,
            309.01933598375615,
            128.0
        ],
        [
            0.0,
            0.0,
            1.0
        ]
    ],
    "camera_extrinsics_wc": [
        [
            0.0,
            0.706147844353306,
            -0.7080644193257978,
            1.0
        ],
        [
            1.0,
            0.0,
            0.0,
            0.0
        ],
        [
            0.0,
            -0.7080644193257978,
            -0.706147844353306,
            1.75
        ],
        [
            0.0,
            0.0,
            0.0,
            1.0
        ]
    ]
}