{
    "instruction": "Move the cereal box to the target bin.",
    "waypoints": {
        "A1_pregrasp": [
            0.055070461320615605,
            -0.17206534562340361,
            1.2,
            -3.141592653589793,
            0.0,
            -2.7236869409975784,
            -1.0
        ],
        "A2_grasp": [
            0.055070461320615605,
            -0.17206534562340361,
            0.93,
            -3.141592653589793,
            0.0,
            -2.7236869409975784,
            1.0
        ],
        "A3_release": [
            0.0025000000000000022,
            0.4025,
            0.9,
            3.141592653589793,
            0.0,
            1.5707963267948966,
            -1.0
        ],
        "A4_home": [
            -0.04701648270376516,
            -0.12625492522056636,
            1.0121621834288677,
            3.0091158148409414,
            0.002600679567041242,
            1.5111778913884177,
            -1.0
        ]
    },
    "camera_intrinsics": [
        [
            309.01933598375615,
            0.0,
            128.0
        ],
        [
            0.0,
            309.01933598375615,
            128.0
        ],
        [
            0.0,
            0.0,
            1.0
        ]
    ],
    "camera_extrinsics_wc": [
        [
            0.0,
            0.706147844353306,
            -0.7080644193257978,
            1.0
        ],
        [
            1.0,
            0.0,
            0.0,
            0.0
        ],
        [
            0.0,
            -0.7080644193257978,
            -0.706147844353306,
            1.75
        ],
        [
            0.0,
            0.0,
            0.0,
            1.0
        ]
    ]
}